halo,greetings
selamat pagi,greetings
selamat siang,greetings
selamat sore,greetings
selamat malam,greetings
permisi,greetings
apakah ini contact person schematics,greetings
apakah ini kontak person schematics,greetings
halo selamat pagi,greetings
halo selamat sore,greetings
halo selamat siang,greetings
halo selamat malam,greetings
perkenalkan nama saya saya ingin menanyakan sesuatu,greetings
perkenalkan saya dari tim dan sekolah ingin menanyakan sesuatu,greetings
siang,greetings
pagi,greetings
sore,greetings
malam,greetings
permisi apakah benar ini dari schematics,greetings
halo apa kabar,greetings
bagaimana kabar anda,greetings
apa benar ini schematics,greetings
permisi apa benar ini schematics,greetings
apakah benar ini narahubung,greetings
saya ingin bertanya sesuatu,greetings
ada yang ingin saya tanyakan,greetings
apa kabar,greetings
siapa anda,greetings
apa sih schematics itu,what is schematics
terdiri dari apa saja kegiatan schematics,what is schematics
apa saja event yang ada di schematics,what is schematics
coba ceritakan apa saja isinya schematics,what is schematics
schematics,what is schematics
siapa yang mengadakan event schematics,what is schematics
schematics diadakan oleh siapa,what is schematics
mengapa schematics diadakan,what is schematics
event apa saja yang ada di schematics,what is schematics
event nya schematics,what is schematics
kegiatannya schematics apa saja sih,what is schematics
kegiatannya schematics apa aja sih,what is schematics
apa itu schematics,what is schematics
coba ceritakan tentang schematics,what is schematics
mohon jelaskan pada saya tentang schematics,what is schematics
jelaskan kepada saya apa itu schematics dong,what is schematics
ceritakan schematics dong,what is schematics
event schematics,what is schematics
sebenarnya acara apa schematics ini,what is schematics
nlc,what is nlc
national logic competition,what is nlc
national logic competitions,what is nlc
apa itu nlc,what is nlc
apa itu national logic competition,what is nlc
definisikan nlc,what is nlc
definisikan national logic competition,what is nlc
apa sih nlc itu,what is nlc
apa sih national logic competition itu,what is nlc
lomba apa sih nlc itu,what is nlc
lomba apa sih national logic competition itu,what is nlc
apa yang dilombakan di nlc,what is nlc
apa yang dilombakan di national logic competition,what is nlc
lomba yang seperti apa sih nlc itu,what is nlc
lomba yang seperti apa sih national logic competition itu,what is nlc
jelaskan pada saya nlc,what is nlc
jelaskan pada saya national logic competiion,what is nlc
mohon terangkan nlc,what is nlc
mohon terangkan national logic competition,what is nlc
bisa kah anda jelaskan pada saya tentang nlc,what is nlc
bisa kah anda jelaskan pada saya tentang national logic competition,what is nlc
apa yang dilombakan di nlc,what is nlc
apa yang dilombakan di national logic competition,what is nlc
npc,what is npc
national programming contest,what is npc
national programming contests,what is npc
apa itu npc,what is npc
apa itu national programming contest,what is npc
definisikan npc,what is npc
definisikan national programming contest,what is npc
apa sih npc itu,what is npc
apa sih national programming contest itu,what is npc
lomba apa sih npc itu,what is npc
lomba apa sih national programming contest itu,what is npc
apa yang dilombakan di npc,what is npc
apa yang dilombakan di national programming contest,what is npc
lomba yang seperti apa sih npc itu,what is npc
lomba yang seperti apa sih national programming contest itu,what is npc
jelaskan pada saya npc,what is npc
jelaskan pada saya national programming contest,what is npc
mohon terangkan npc,what is npc
mohon terangkan national programming contest,what is npc
bisa kah anda jelaskan pada saya tentang npc,what is npc
bisa kah anda jelaskan pada saya tentang national programming contest,what is npc
apa yang dilombakan di npc,what is npc
apa yang dilombakan di national programming contest,what is npc
kenapa harus ikut nlc,benefit nlc
kenapa harus ikut national logic competition,benefit nlc
mengapa harus ikut nlc,benefit nlc
mengapa harus ikut national logic competition,benefit nlc
apa yang menarik dari nlc,benefit nlc
apa yang menarik dari national logic competition,benefit nlc
apa keuntungan dari nlc,benefit nlc
apa keuntungan dari national logic competition,benefit nlc
apa untungnya ikut nlc,benefit nlc
apa untungnya ikut national logic competition,benefit nlc
mengapa nlc menguntungkan bagi saya,benefit nlc
mengapa national logic competition menguntungkan bagi saya,benefit nlc
apa yang bisa saya dapatkan dari nlc,benefit nlc
apa yang bisa saya dapatkan dari national logic competition,benefit nlc
jelaskan pada saya apa keuntungan mengikuti nlc,benefit nlc
jelaskan pada saya apa keuntungan mengikuti national logic competition,benefit nlc
jelaskan mengapa saya harus ikut nlc,benefit nlc
jelaskan mengapa saya harus ikut national logic competition,benefit nlc
terangkan pada saya benefit mengikuti nlc,benefit nlc
terangkan pada saya benefit mengikuti national logic competition,benefit nlc
keuntungan nlc,benefit nlc
keuntungan national logic competition,benefit nlc
benefit nlc,benefit nlc
benefit national logic competition,benefit nlc
kenapa harus ikut npc,benefit npc
kenapa harus ikut national programming contest,benefit npc
mengapa harus ikut npc,benefit npc
mengapa harus ikut national programming contest,benefit npc
apa yang menarik dari npc,benefit npc
apa yang menarik dari national programming contest,benefit npc
apa keuntungan dari npc,benefit npc
apa keuntungan dari national programming contest,benefit npc
apa untungnya ikut npc,benefit npc
apa untungnya ikut national programming contest,benefit npc
mengapa npc menguntungkan bagi saya,benefit npc
mengapa national programming contest menguntungkan bagi saya,benefit npc
apa yang bisa saya dapatkan dari npc,benefit npc
apa yang bisa saya dapatkan dari national programming contest,benefit npc
jelaskan pada saya apa keuntungan mengikuti npc,benefit npc
jelaskan pada saya apa keuntungan mengikuti national programming contest,benefit npc
jelaskan mengapa saya harus ikut npc,benefit npc
jelaskan mengapa saya harus ikut national programming contest,benefit npc
terangkan pada saya benefit mengikuti npc,benefit npc
terangkan pada saya benefit mengikuti national programming contest,benefit npc
keuntungan npc,benefit npc
keuntungan national programming contest,benefit npc
benefit npc,benefit npc
benefit national programming contest,benefit npc
bagaimana sih contoh soal nlc,soal nlc
bagaimana sih contoh soal national programming contest,soal nlc
kasih contoh soal nlc dong,soal nlc
kasih contoh soal national logic competition dong,soal nlc
kisi-kisi soal nlc,soal nlc
kisi-kisi soal national logic competition,soal nlc
kisi kisi soal nlc,soal nlc
kisi kisi soal national logic competition,soal nlc
kasih contoh kisi-kisi soal nlc dong,soal nlc
kasih contoh kisi-kisi soal national logic competition dong,soal nlc
apa aja yang ditanyakan di nlc,soal nlc
apa aja yang ditanyakan di  national logic competition,soal nlc
bagaimana sih bentuk soal nlc,soal nlc
bagaimana sih bentuk soal national logic competition,soal nlc
jenis soal nlc,soal nlc
jenis soal national logic competition,soal nlc
Jenis-jenis soal nlc,soal nlc
Jenis-jenis soal national logic competition,soal nlc
Soal-soal nlc,soal nlc
Soal-soal national logic competition,soal nlc
soal nlc,soal nlc
soal national logic competition,soal nlc
saya ingin ikut npc tapi tidak bisa programming,cannot code yet
saya ingin ikut national programming contest tapi tidak bisa programming,cannot code yet
ingin ikut npc belum bisa programming,cannot code yet
ingin ikut national programming contest belum bisa programming,cannot code yet
belum mengerti bahasa pemrograman,cannot code yet
saya belum pernah programming,cannot code yet
tidak mengerti programming,cannot code yet
apakah hanya yang bisa programming saya yang bisa ikut,cannot code yet
tidak mengerti bahasa pemrograman tapi ingin ikut national programming contest npc,cannot code yet
apakah nanti disediakan tutorial,cannot code yet
apakah nanti diajarkan programming oleh schematics npc,cannot code yet
bagaimana jika belum bisa melakukan pemrograman,cannot code yet
apakah harus bisa programming baru boleh ikut npc,cannot code yet
apakah harus bisa programming baru boleh ikut national programming contest,cannot code yet
apakah newbie bisa ikut npc,cannot code yet
apakah newbie bisa ikutan national programming contest,cannot code yet
apakah npc bisa diikuti yang baru belajar pemrograman,cannot code yet
apakah national programming contest bisa diikuti yang baru belajar pemrograman,cannot code yet
baru belajar programming,cannot code yet
baru belajar bahasa,cannot code yet
baru belajar pemrograman,cannot code yet
baru belajar coding,cannot code yet
belum bisa coding,cannot code yet
belum pernah coding sebelumnya,cannot code yet
saya belum pernah coding sebelumnya apakah bisa ikut npc,cannot code yet
saya belum jago pemrograman apakah saya bisa ikut npc,cannot code yet
apakah saya bisa ikut national programming contest padahal saya belum pernah coding sebelumnya,cannot code yet
apakah national programming contest hanya untuk yang jago coding saja,cannot code yet
bagaimana jika saya belum perna coding sama sekali,cannot code yet
apakah saya punya kesempatan menang jika belum bisa coding,cannot code yet
apakah lombanya npc susah,cannot code yet
apakah lomba national programming contest susah,cannot code yet
kapan nlc diadakan,where when nlc
kapan national logic competition diadakan,where when nlc
dimana nlc diadakan,where when nlc
dimana national logic competition diadakan,where when nlc
kapan dan dimana nlc diadakan,where when nlc
kapan dan dimana national logic competition diadakan,where when nlc
kapan nlc dihelat,where when nlc
dimana nlc dihelat,where when nlc
dimana national logic competition dihelat,where when nlc
apakah nlc diadakan di its,where when nlc
apakah national logic competition diadakan di its,where when nlc
apakah nlc di adakan di teknik informatika its,where when nlc
apakah national logic competition diadakan di teknik informatika its,where when nlc
apakah national logic competition diadakan di kota saya,where when nlc
apakah national logic competition diadakan di kota surabaya,where when nlc
apakah national logic competition diadakan di kota jakarta,where when nlc
apakah national logic competition diadakan di kota medan,where when nlc
apakah national logic competition diadakan di kota padang,where when nlc
apakah national logic competition diadakan di kota makassar,where when nlc
waktu nlc diadakan,where when nlc
waktu national logic competition diadakan,where when nlc
tanggal berapa nlc diadakan,where when nlc
tanggal berapa national logic competition diadakan,where when nlc
hari apa nlc mulainya,where when nlc
hari apa nlc mulainya,where when nlc
pada hari apa nlc diadakan,where when nlc
pada hati apa national logic competition dihelat,where when nlc
kapan npc diadakan,where when npc
kapan national programming contest diadakan,where when npc
dimana npc diadakan,where when npc
dimana national programming contest diadakan,where when npc
kapan dan dimana npc diadakan,where when npc
kapan dan dimana national programming contest diadakan,where when npc
kapan npc dihelat,where when npc
dimana npc dihelat,where when npc
dimana national programming contest dihelat,where when npc
apakah npc diadakan di its,where when npc
apakah national programming contest diadakan di its,where when npc
apakah npc di adakan di teknik informatika its,where when npc
apakah national programming contest diadakan di teknik informatika its,where when npc
apakah national programming contest diadakan di kota saya,where when npc
apakah national programming contest diadakan di kota surabaya,where when npc
apakah national programming contest diadakan di kota jakarta,where when npc
apakah national programming contest diadakan di kota medan,where when npc
apakah national programming contest diadakan di kota padang,where when npc
apakah national programming contest diadakan di kota makassar,where when npc
waktu npc diadakan,where when npc
waktu national programming contest diadakan,where when npc
tanggal berapa npc diadakan,where when npc
tanggal berapa national programming contest diadakan,where when npc
hari apa national programming contest  mulainya,where when npc
hari apa npc mulainya,where when npc
pada hari apa npc diadakan,where when npc
pada hari apa national programming contest dihelat,where when npc
bagaimana cara daftar nlc,pendaftaran nlc npc
bagaimana cara daftar npc,pendaftaran nlc npc
bagaimana cara daftar national logic competition,pendaftaran nlc npc
bagaimana cara daftar national programming contest,pendaftaran nlc npc
apa yang harus saya lakukan jika ingin mendaftar,pendaftaran nlc npc
daftar nlc,pendaftaran nlc npc
daftar npc,pendaftaran nlc npc
mendaftar national logic competition,pendaftaran nlc npc
mendaftar national programming contest,pendaftaran nlc npc
apa yang bisa saya lakukan untuk mendaftar,pendaftaran nlc npc
informasi pendaftaran,pendaftaran nlc npc
boleh saya minta informasi pendaftarannya,pendaftaran nlc npc
dimana saya bisa mendaftar untuk ikut,pendaftaran nlc npc
saya ingin ikut lombanya,pendaftaran nlc npc
saya ingin ikut,pendaftaran nlc npc
Boleh saya minta form pendaftarannya npc,pendaftaran nlc npc
boleh saya minta form pendaftarannya nlc,pendaftaran nlc npc
boleh saya minta form pendaftarannya nlc npc,pendaftaran nlc npc
prosedur pendaftaran nlc,pendaftaran nlc npc
prosedur pendaftaran npc,pendaftaran nlc npc
saya ingin minta pendaftaran nlc,pendaftaran nlc npc
saya ingin minta prosedur pendaftaran npc,pendaftaran nlc npc
bagaimana pendaftarannya national logic competition,pendaftaran nlc npc
sampai kapan pendaftaran nlc ditutup,timeline nlc
sampai kapan pendaftaran national logic competition ditutup,timeline nlc
boleh saya minta jadwal pendaftaran nlc,timeline nlc
boleh saya minta jadwal pendaftaran national logic competition,timeline nlc
jadwal nlc,timeline nlc
jadwal national logic competition,timeline nlc
pendaftarannya nlc sampai kapan ya,timeline nlc
pendaftarannya national logic competition sampai kapan ya,timeline nlc
kapan pendaftarannya nlc ditutup,timeline nlc
kapan pendaftarannya nlc dibuka,timeline nlc
saya minta timelne nlc dong,timeline nlc
saya minta timeline national logic competition dong,timeline nlc
timeline nlc,timeline nlc
timeline national logic competition,timeline nlc
boleh saya minta timeline national logic competition,timeline nlc
boleh saya minta timeline nlc,timeline nlc
sampai kapan pendaftaran npc ditutup,timeline npc
sampai kapan pendaftaran national programming contest ditutup,timeline npc
boleh saya minta jadwal pendaftaran npc,timeline npc
boleh saya minta jadwal pendaftaran national programming contest,timeline npc
jadwal npc,timeline npc
jadwal national programming contest,timeline npc
pendaftarannya npc sampai kapan ya,timeline npc
pendaftarannya national programming contest sampai kapan ya,timeline npc
kapan pendaftarannya npc ditutup,timeline npc
kapan pendaftarannya npc dibuka,timeline npc
saya minta timelne npc dong,timeline npc
saya minta timeline national programming contest dong,timeline npc
timeline npc,timeline npc
timeline national programming contest,timeline npc
boleh saya minta timeline national programming contest,timeline npc
boleh saya minta timeline npc,timeline npc
berapa biaya pendaftaran nlc,biaya nlc
boleh saya tanya harga pendaftaran national logic competition,biaya nlc
berapa biaya pendaftaran national logic competition,biaya nlc
berapa rupiah daftar nlc,biaya nlc
berapa rupiah daftar national logic competition,biaya nlc
harganya nlc berapa ya,biaya nlc
harganya national logic competition berapa ya,biaya nlc
berapa yang harus dibayar untuk daftar national logic competition,biaya nlc
berapa yang harus dibayar untuk daftar nlc,biaya nlc
biaya nlc,biaya nlc
biaya national logic competition,biaya nlc
harga nlc,biaya nlc
harga national logic competition,biaya nlc
berapa ratus ribu uang yang harus dibayarkan untuk nlc,biaya nlc
berapa ratus ribu uang yang harus dibayarkan untuk national logic competition,biaya nlc
berapa biaya pendaftaran npc,biaya npc
boleh saya tanya harga pendaftaran national programming contest,biaya npc
berapa biaya pendaftaran national programming contest,biaya npc
berapa rupiah daftar npc,biaya npc
berapa rupiah daftar national programming contest,biaya npc
harganya npc berapa ya,biaya npc
harganya national programming contest berapa ya,biaya npc
berapa yang harus dibayar untuk daftar national programming contest,biaya npc
berapa yang harus dibayar untuk daftar npc,biaya npc
biaya npc,biaya npc
biaya national programming contest,biaya npc
harga npc,biaya npc
harga national programming contest,biaya npc
berapa ratus ribu uang yang harus dibayarkan untuk npc,biaya npc
berapa ratus ribu uang yang harus dibayarkan untuk national programming contest,biaya npc
saya sudah daftar tapi pendaftaran saya berlum terverifikasi kenapa ya,belum verifikasi
belum terverifikasi,belum verifikasi
verifikasi saya belum berhasil,belum verifikasi
mengapa verifikasi pendaftaran nlc saya belum juga,belum verifikasi
mengapa verifikasi pendaftaran national logic competition saya belum,belum verifikasi
verifikasinya berapa lama,belum verifikasi
apakah verifikasinya membutuhkan waktu yang lama,belum verifikasi
mengapa kelompok saya belum terverifikasi,belum verifikasi
mengapa kelompok saya belum terverifikasi padahal saya sudah bayar sejak lama,belum verifikasi
apakah saya sudah terverifikasi,belum verifikasi
apakah transfer uang saya sudah diterima,belum verifikasi
apakah pembayaran transfer saya sudah berhasil,belum verifikasi
saya sudah transfer sejak pagi apakah sudah diterima,belum verifikasi
berapa lama kira-kira transfer uang untuk pendaftaran saya diverifikasi,belum verifikasi
verifikasi pendaftaran,belum verifikasi
verifikasi,belum verifikasi
apakah national logic competition bisa pindah region,pindah region nlc
apakah nlc bisa pindah region,pindah region nlc
saya mendaftar nlc online apa perlu untuk memilih region,pindah region nlc
say amendaftar nlc secara online apakah bisa pindah offline dengan memilih region,pindah region nlc
aturan region nlc,pindah region nlc
aturan region national logic competition,pindah region nlc
adakah aturan region nlc,pindah region nlc
adakah aturan region national logic competition,pindah region nlc
saya mau pindah region nlc,pindah region nlc
saya mau pindah region national logic competition,pindah region nlc
bagaimana caranya pindah region di nlc,pindah region nlc
bagaimana caranya pindah region national logic competition,pindah region nlc
jumlah kelompok nlc,jumlah kelompok
jumlah kelompok national logic competition,jumlah kelompok
bolehkah kelompok national logic competition  dua orang,jumlah kelompok
bolehkan kelompok national logic competition lebih dari satu orang,jumlah kelompok
kelompok nlc,jumlah kelompok
grup nlc,jumlah kelompok
grup national logic competition,jumlah kelompok
saya ingin bentuk kelompok lebih dari boleh tidak,jumlah kelompok
apakah boleh kelompok national logic competition kurang dari tiga orang,jumlah kelompok
apakah boleh nlc kelompoknya dari sekolah yang berbeda,jumlah kelompok
national logic competition apakah kelompoknya harus dari sekolah yang sama,jumlah kelompok
nlc apakah kelompoknya dari sekolah yang sama',jumlah kelompok
grup dari sekolah yang berbeda,jumlah kelompok
sekolah yang berbeda,jumlah kelompok
berapa jumlah kelompok npc,jumlah kelompok
bolehkan national programming contest lebih dari satu orang,jumlah kelompok
apakah npc boleh ikut lebih dari satu orang,jumlah kelompok
national programming contest perorangan atau bagaimana,jumlah kelompok
npc perorangan atau bagaimana,jumlah kelompok
npc hanya satu orang saja ya,jumlah kelompok
apakah boleh lebih dari satu,jumlah kelompok
apakah boleh kurang dari tiga,jumlah kelompok
mengapa sertifikat saya tidak kunjung datang ya,sertifikat tidak datang
sudah seminggu saya ikut nlc tetapi sertifikat saya belum dikirim juga,sertifikat tidak datang
sudah lama saya ikut npc tetapi sertifikat saya belum datang juga,sertifikat tidak datang
mengapa sertifikat lama sekali,sertifikat tidak datang
apakah sertifikat akan segera dikirim,sertifikat tidak datang
sertifikat,sertifikat tidak datang
sertifikat saya mana,sertifikat tidak datang
kapan sertifikat saya datang,sertifikat tidak datang
kapan sertifikat saya dan kelompok saya datang,sertifikat tidak datang
sertifikat national logic competition,sertifikat tidak datang
sertifikat national programming contest,sertifikat tidak datang
saya sudah ikut lomba dan tereleminas pada babak mengapa sertifikat saya tidak kunjung datang,sertifikat tidak datang
mohon sertifikat saya dipercepat karena saya ada sekian,sertifikat tidak datang
mohon sertifikat kelompok saya segera dikirim,sertifikat tidak datang
apakah nst masih ada tiket,tiket nst reeva
apakah tiket national seminar of technology masih ada,tiket nst reeva
apakah tiket reeva masih ada,tiket nst reeva
apakah tiket revolutionary entertaiment and expo with various arts,tiket nst reeva
apakah tiket reeva masih ada,tiket nst reeva
tiket sudah sold out belum,tiket nst reeva
apakah tiket nst dan reeva sudah sold out,tiket nst reeva
saya dengar tiketnya sudah sold out ya,tiket nst reeva
apakah benar tiket sudah terjual semua,tiket nst reeva
tiket nst sudah terjual semua apa belum,tiket nst reeva
tiket reeva sudah terjual semua atau belum,tiket nst reeva
tiket national seminar of technology sudah terjual semua belum sih,tiket nst reeva
tiket revolutionary expo and expo with various arts sudah terjual semua belum,tiket nst reeva
apakah masih ada tiketnya,tiket nst reeva
mau cek tiket reeva masih ada atau belum,tiket nst reeva
harga tiket nst,tiket nst reeva
harga tiket reeva,tiket nst reeva
harga tiket national seminar of technology schematics,tiket nst reeva
harga tiket reeva,tiket nst reeva
berapa harga tiketnya nst,tiket nst reeva
berapa harga tiketnya reeva sekarang,tiket nst reeva
info harga tiket nst dan reeva dong,tiket nst reeva
info harga tiket nst dong,tiket nst reeva
apakah tiketnya masih ada,pengumuman nlc npc
kapan pengumuman nlc,pengumuman nlc npc
kapan pengumuman npc,pengumuman nlc npc
kapan pengumuman national logic competition,pengumuman nlc npc
kapan pengumuman national programming contest,pengumuman nlc npc
info pengumuman hasil dong,pengumuman nlc npc
pengumuman nlc kapan ya,pengumuman nlc npc
kalau boleh tau kapan ya pengumuman npc,pengumuman nlc npc
npc pengumumannya kapan ya kalau boleh tau,pengumuman nlc npc
apakah sudah ada informasi pengumuman nlc,pengumuman nlc npc
apakah sudah ada informasi pengumuman national logic competition,pengumuman nlc npc
apakah sudah ada informasi pengumuman national programming contest,pengumuman nlc npc
apa benar pengumuman nlc minggu depan,pengumuman nlc npc
apa benar pengumuman npc minggu depan,pengumuman nlc npc
dimana saya bisa tau pengumuman nlc ya,pengumuman nlc npc
dimana saya bisa tau pengumuman npc ya,pengumuman nlc npc
informasi pengumuman bisa diakses dimana ya,pengumuman nlc npc
informasi pengumuman nlc bisa diakses dimana ya,pengumuman nlc npc
informasi pengumuman bisa didapat dimana ya,pengumuman nlc npc
dimana saya bisa dapat informasi pengumuman nlc,pengumuman nlc npc
dimana saya bisa dapat informasi pengumuman npc ya,pengumuman nlc npc
saya lihat di web pengumuman nlc belum ada,pengumuman nlc npc
saya lihat di web belum ada pengumuman npc,pengumuman nlc npc
apakah ketika lomba nanti harus pakai seragam,aturan seragam
pake seragam tidak,aturan seragam
apa harus menggunakan seragam sekolah,aturan seragam
baju apa yang digunakan saat lomba nanti,aturan seragam
apakah boleh menggunakan baju bebas,aturan seragam
baju apa yang dikenakan saat nlc,aturan seragam
baju apa yang dikenakan saat npc,aturan seragam
apakah harus menggunakan seragam putih abu-abu untuk ikut national logic competition,aturan seragam
bagaimana jika saya menggunakan baju bebas,aturan seragam
apakah boleh menggunakan baju bebas,aturan seragam
baju bebas,aturan seragam
seragam sekolah,aturan seragam
apakah harus menggunakan seragam sekolah,aturan seragam
bagaimana jika saya tidak punya seragam sekolah,aturan seragam
bagaimana jika saya kehilangan baju saya,aturan seragam
harus menggunakan seragam,aturan seragam
harus menggunakan baju bebas,aturan seragam
saya hanya punya baju bebas,aturan seragam